{"content": {"suites": {"0": {"status": {"total_pass": 0, "total_skip": 0, "total_xpass": 0, "total_xfail": 0, "total_rerun": 0, "total_fail": 1, "total_error": 0}, "tests": {"0": {"status": "FAIL", "message": "   selenium.common.exceptions.NoSuchElementException: Message: no such element: Unable to locate element: {\"method\":\"xpath\",\"selector\":\"/span[text()='Samsung Galaxy S21 FE 8GB 128GB (Graphite)']\"}\n     (Session info: chrome=114.0.5735.110)\n", "test_name": "test_amazon_textbox", "rerun": "0"}}, "suite_name": "amazon_test.py"}}}, "date": "June 16, 2023", "start_time": 1686912085.0268486, "total_suite": 1, "status": "FAIL", "status_list": {"pass": "0", "fail": "1", "skip": "0", "error": "0", "xpass": "0", "xfail": "0", "rerun": "0"}, "total_tests": "1"}