{"content": {"suites": {"0": {"status": {"total_pass": 1, "total_skip": 0, "total_xpass": 0, "total_xfail": 0, "total_rerun": 0, "total_fail": 2, "total_error": 0}, "tests": {"0": {"status": "FAIL", "message": "   assert 0 > 0\n    +  where 0 = len([])\n", "test_name": "test_google_Logo", "rerun": "0"}, "1": {"status": "FAIL", "message": "   selenium.common.exceptions.NoSuchElementException: Message: no such element: Unable to locate element: {\"method\":\"xpath\",\"selector\":\"//input[@name='q']\"}\n     (Session info: chrome=114.0.5735.110)\n", "test_name": "test_google_Search", "rerun": "0"}, "2": {"status": "PASS", "message": "", "test_name": "test_google_title", "rerun": "0"}}, "suite_name": "testgoogleclass.py"}}}, "date": "July 03, 2023", "start_time": 1688358592.013098, "total_suite": 1, "status": "FAIL", "status_list": {"pass": "1", "fail": "2", "skip": "0", "error": "0", "xpass": "0", "xfail": "0", "rerun": "0"}, "total_tests": "3"}