{"content": {"suites": {"0": {"status": {"total_pass": 0, "total_skip": 0, "total_xpass": 0, "total_xfail": 0, "total_rerun": 0, "total_fail": 0, "total_error": 3}, "tests": {"0": {"status": "ERROR", "message": "request = <SubRequest 'browser' for <Function test_google_Logo>>\n\n    @pytest.fixture()\n    def browser(request):\n        print(\"initiating chrome driver\")\n>       driver = webdriver.Chrome(service=ChromeService(ChromeDriverManager().install()))\nE       TypeError: WebDriver.__init__() got an unexpected keyword argument 'service'\n\nconftest.py:16: TypeError\n", "test_name": "test_google_Logo", "rerun": "0"}, "1": {"status": "ERROR", "message": "request = <SubRequest 'browser' for <Function test_google_Search>>\n\n    @pytest.fixture()\n    def browser(request):\n        print(\"initiating chrome driver\")\n>       driver = webdriver.Chrome(service=ChromeService(ChromeDriverManager().install()))\nE       TypeError: WebDriver.__init__() got an unexpected keyword argument 'service'\n\nconftest.py:16: TypeError\n", "test_name": "test_google_Search", "rerun": "0"}, "2": {"status": "ERROR", "message": "request = <SubRequest 'browser' for <Function test_google_title>>\n\n    @pytest.fixture()\n    def browser(request):\n        print(\"initiating chrome driver\")\n>       driver = webdriver.Chrome(service=ChromeService(ChromeDriverManager().install()))\nE       TypeError: WebDriver.__init__() got an unexpected keyword argument 'service'\n\nconftest.py:16: TypeError\n", "test_name": "test_google_title", "rerun": "0"}}, "suite_name": "testgoogleclass.py"}}}, "date": "July 03, 2023", "start_time": 1688358490.765739, "total_suite": 1, "status": "FAIL", "status_list": {"pass": "0", "fail": "0", "skip": "0", "error": "3", "xpass": "0", "xfail": "0", "rerun": "0"}, "total_tests": "3"}